breast,0.012298610257040954
lung,0.00528840241052761
exposure,0.004181527487393925
woman,0.003874062230967901
study,0.003874062230967901
disease,0.003259131718115853
treatment,0.003197638666830648
risk,0.0028286803591194196
mortality,0.0028286803591194196
health,0.0027671873078342147
campaign,0.0025827081539786002
research,0.0023982290001229862
awareness,0.0022752428975525768
people,0.002152256794982167
death,0.0020292706924117574
occupational,0.0017832984872709384
year,0.0017218054359857337
support,0.001598819333415324
also,0.0015373262821301193
estimate,0.0015373262821301193
cell,0.0014143401795597098
metastatic,0.001352847128274505
uk,0.001352847128274505
cause,0.0012913540769893001
time,0.0012298610257040954
factor,0.0012298610257040954
use,0.0012298610257040954
work,0.0012298610257040954
patient,0.0011683679744188906
environmental,0.0011683679744188906
secondary,0.0011683679744188906
colon,0.001106874923133686
cohort,0.001106874923133686
lifetime,0.001106874923133686
knowledge,0.001106874923133686
care,0.001106874923133686
reagan,0.001106874923133686
need,0.0010453818718484812
age,0.0010453818718484812
young,0.0010453818718484812
adult,0.0010453818718484812
bladder,0.0009838888205632764
information,0.0009838888205632764
symptom,0.0009838888205632764
employer,0.0009838888205632764
evidence,0.0009223957692780716
heart,0.0009223957692780716
colorectal,0.0009223957692780716
effect,0.0009223957692780716
important,0.0009223957692780716
associate,0.0009223957692780716
united,0.0009223957692780716
incidence,0.0009223957692780716
new,0.0009223957692780716
life,0.0009223957692780716
population,0.0008609027179928669
level,0.0008609027179928669
other,0.0008609027179928669
base,0.0008609027179928669
american,0.0008609027179928669
group,0.0008609027179928669
report,0.0008609027179928669
surgery,0.0008609027179928669
common,0.000799409666707662
water,0.000799409666707662
prostate,0.000799409666707662
identify,0.000799409666707662
rate,0.000799409666707662
state,0.000799409666707662
charity,0.000799409666707662
man,0.000799409666707662
illness,0.0007379166154224573
number,0.0007379166154224573
analysis,0.0007379166154224573
increase,0.0007379166154224573
find,0.0007379166154224573
condition,0.0007379166154224573
survival,0.0007379166154224573
association,0.0007379166154224573
data,0.0007379166154224573
however,0.0007379166154224573
diagnosis,0.0007379166154224573
affect,0.0007379166154224573
pain,0.0007379166154224573
psychological,0.0006764235641372525
arsenic,0.0006764235641372525
lead,0.0006764235641372525
international,0.0006764235641372525
quality,0.0006764235641372525
national,0.0006764235641372525
diesel,0.0006764235641372525
ec,0.0006764235641372525
workplace,0.0006764235641372525
individual,0.0006764235641372525
know,0.0006764235641372525
advanced,0.0006764235641372525
physical,0.0006764235641372525
say,0.0006149305128520477
way,0.0006149305128520477
case,0.0006149305128520477
include,0.0006149305128520477
diagnose,0.0006149305128520477
growth,0.0006149305128520477
show,0.0006149305128520477
agency,0.0006149305128520477
particularly,0.0006149305128520477
take,0.0006149305128520477
change,0.0006149305128520477
us,0.0006149305128520477
drug,0.0006149305128520477
make,0.0006149305128520477
well-being,0.0006149305128520477
supportive,0.0006149305128520477
bone,0.0006149305128520477
only,0.000553437461566843
control,0.000553437461566843
history,0.000553437461566843
increased,0.000553437461566843
tumor,0.000553437461566843
finding,0.000553437461566843
practice,0.000553437461566843
impact,0.000553437461566843
help,0.000553437461566843
early,0.000553437461566843
cardiovascular,0.000553437461566843
doctor,0.000553437461566843
significant,0.000553437461566843
compare,0.000553437461566843
student,0.000553437461566843
spinal,0.000553437461566843
vitamin,0.000553437461566843
sigmoidoscopy,0.000553437461566843
experience,0.0004919444102816382
complication,0.0004919444102816382
describe,0.0004919444102816382
center,0.0004919444102816382
line,0.0004919444102816382
activity,0.0004919444102816382
develop,0.0004919444102816382
outcome,0.0004919444102816382
suggest,0.0004919444102816382
available,0.0004919444102816382
england,0.0004919444102816382
think,0.0004919444102816382
mental,0.0004919444102816382
provide,0.0004919444102816382
program,0.0004919444102816382
cumulative,0.0004919444102816382
worker,0.0004919444102816382
trial,0.0004919444102816382
product,0.0004919444102816382
undergo,0.0004919444102816382
likely,0.0004919444102816382
difference,0.0004919444102816382
ronald,0.0004919444102816382
president,0.0004919444102816382
employee,0.0004919444102816382
focus,0.0004304513589964334
see,0.0004304513589964334
method,0.0004304513589964334
clinical,0.0004304513589964334
recent,0.0004304513589964334
family,0.0004304513589964334
promote,0.0004304513589964334
model,0.0004304513589964334
often,0.0004304513589964334
chronic,0.0004304513589964334
issue,0.0004304513589964334
challenge,0.0004304513589964334
institute,0.0004304513589964334
burden,0.0004304513589964334
miner,0.0004304513589964334
proportion,0.0004304513589964334
macmillan,0.0004304513589964334
receive,0.0004304513589964334
survey,0.0004304513589964334
service,0.0004304513589964334
nice,0.0004304513589964334
problem,0.00036895830771122864
infection,0.00036895830771122864
recently,0.00036895830771122864
link,0.00036895830771122864
prognosis,0.00036895830771122864
target,0.00036895830771122864
epidemiological,0.00036895830771122864
conclude,0.00036895830771122864
high,0.00036895830771122864
long-term,0.00036895830771122864
different,0.00036895830771122864
country,0.00036895830771122864
type,0.00036895830771122864
diabetes,0.00036895830771122864
publish,0.00036895830771122864
get,0.00036895830771122864
prevention,0.00036895830771122864
attributable,0.00036895830771122864
excess,0.00036895830771122864
approximately,0.00036895830771122864
substantial,0.00036895830771122864
almost,0.00036895830771122864
news,0.00036895830771122864
detection,0.00036895830771122864
die,0.00036895830771122864
funding,0.00036895830771122864
sd,0.00036895830771122864
live,0.00036895830771122864
access,0.00036895830771122864
scandal,0.00036895830771122864
amendment,0.00036895830771122864
tuberculosis,0.00030746525642602385
write,0.00030746525642602385
become,0.00030746525642602385
cure,0.00030746525642602385
deficiency,0.00030746525642602385
primary,0.00030746525642602385
tissue,0.00030746525642602385
result,0.00030746525642602385
skin,0.00030746525642602385
investigate,0.00030746525642602385
current,0.00030746525642602385
proliferation,0.00030746525642602385
role,0.00030746525642602385
mouse,0.00030746525642602385
treat,0.00030746525642602385
decrease,0.00030746525642602385
weight,0.00030746525642602385
low,0.00030746525642602385
by-product,0.00030746525642602385
long,0.00030746525642602385
period,0.00030746525642602385
following,0.00030746525642602385
carcinogenicity,0.00030746525642602385
site,0.00030746525642602385
european,0.00030746525642602385
prospective,0.00030746525642602385
body,0.00030746525642602385
participant,0.00030746525642602385
chemotherapy,0.00030746525642602385
appear,0.00030746525642602385
british,0.00030746525642602385
exhaust,0.00030746525642602385
derive,0.00030746525642602385
industry,0.00030746525642602385
annual,0.00030746525642602385
mean,0.00030746525642602385
currently,0.00030746525642602385
part,0.00030746525642602385
fact,0.00030746525642602385
go,0.00030746525642602385
memory,0.00030746525642602385
day,0.00030746525642602385
hospital,0.00030746525642602385
list,0.00030746525642602385
community,0.00030746525642602385
begin,0.00030746525642602385
benefit,0.00030746525642602385
behavior,0.00030746525642602385
society,0.00030746525642602385
booby,0.00030746525642602385
leading,0.00030746525642602385
good,0.00030746525642602385
familiar,0.00030746525642602385
nurse,0.00030746525642602385
unmet,0.00030746525642602385
fatigue,0.00030746525642602385
manage,0.00030746525642602385
deal,0.00030746525642602385
conversation,0.00030746525642602385
iran-contra,0.00030746525642602385
polyp,0.00030746525642602385
flexible,0.00030746525642602385
manager,0.00030746525642602385
evaluate,0.0002459722051408191
encourage,0.0002459722051408191
look,0.0002459722051408191
feeling,0.0002459722051408191
world,0.0002459722051408191
political,0.0002459722051408191
therefore,0.0002459722051408191
person,0.0002459722051408191
liver,0.0002459722051408191
especially,0.0002459722051408191
air,0.0002459722051408191
mechanism,0.0002459722051408191
development,0.0002459722051408191
section,0.0002459722051408191
prepare,0.0002459722051408191
review,0.0002459722051408191
pathway,0.0002459722051408191
sufficient,0.0002459722051408191
blood,0.0002459722051408191
area,0.0002459722051408191
colleague,0.0002459722051408191
estrogen,0.0002459722051408191
receptor,0.0002459722051408191
experimental,0.0002459722051408191
observation,0.0002459722051408191
recommend,0.0002459722051408191
nearly,0.0002459722051408191
feel,0.0002459722051408191
main,0.0002459722051408191
discussion,0.0002459722051408191
measure,0.0002459722051408191
nitrate,0.0002459722051408191
safety,0.0002459722051408191
positive,0.0002459722051408191
rectal,0.0002459722051408191
inadequate,0.0002459722051408191
probably,0.0002459722051408191
evaluation,0.0002459722051408191
genetic,0.0002459722051408191
possible,0.0002459722051408191
assessment,0.0002459722051408191
meta-analysis,0.0002459722051408191
male,0.0002459722051408191
cope,0.0002459722051408191
disability,0.0002459722051408191
radiation,0.0002459722051408191
increasing,0.0002459722051408191
foundation,0.0002459722051408191
large,0.0002459722051408191
form,0.0002459722051408191
engine,0.0002459722051408191
response,0.0002459722051408191
elemental,0.0002459722051408191
carbon,0.0002459722051408191
respectively,0.0002459722051408191
kingdom,0.0002459722051408191
table,0.0002459722051408191
council,0.0002459722051408191
probability,0.0002459722051408191
age-specific,0.0002459722051408191
expose,0.0002459722051408191
assume,0.0002459722051408191
believe,0.0002459722051408191
correct,0.0002459722051408191
previous,0.0002459722051408191
great,0.0002459722051408191
play,0.0002459722051408191
aware,0.0002459722051408191
biology,0.0002459722051408191
culture,0.0002459722051408191
friend,0.0002459722051408191
poem,0.0002459722051408191
tell,0.0002459722051408191
business,0.0002459722051408191
actually,0.0002459722051408191
discuss,0.0002459722051408191
stage,0.0002459722051408191
screening,0.0002459722051408191
question,0.0002459722051408191
media,0.0002459722051408191
coverage,0.0002459722051408191
message,0.0002459722051408191
article,0.0002459722051408191
raise,0.0002459722051408191
killer,0.0002459722051408191
jones,0.0002459722051408191
reduce,0.0002459722051408191
susan,0.0002459722051408191
komen,0.0002459722051408191
website,0.0002459722051408191
ask,0.0002459722051408191
able,0.0002459722051408191
medical,0.0002459722051408191
staff,0.0002459722051408191
difficult,0.0002459722051408191
prevalence,0.0002459722051408191
range,0.0002459722051408191
moreover,0.0002459722051408191
guideline,0.0002459722051408191
enable,0.0002459722051408191
offer,0.0002459722051408191
metastasis,0.0002459722051408191
severe,0.0002459722051408191
distress,0.0002459722051408191
step,0.0002459722051408191
maggie,0.0002459722051408191
emotional,0.0002459722051408191
shortly,0.0002459722051408191
sontag,0.00018447915385561432
invasive,0.00018447915385561432
strong,0.00018447915385561432
sign,0.00018447915385561432
acute,0.00018447915385561432
tb,0.00018447915385561432
express,0.00018447915385561432
understanding,0.00018447915385561432
social,0.00018447915385561432
just,0.00018447915385561432
major,0.00018447915385561432
protocol,0.00018447915385561432
document,0.00018447915385561432
home,0.00018447915385561432
suppress,0.00018447915385561432
non-small,0.00018447915385561432
agent,0.00018447915385561432
expression,0.00018447915385561432
contribution,0.00018447915385561432
place,0.00018447915385561432
criteria,0.00018447915385561432
race,0.00018447915385561432
class,0.00018447915385561432
white,0.00018447915385561432
yet,0.00018447915385561432
specifically,0.00018447915385561432
mother,0.00018447915385561432
sex,0.00018447915385561432
female,0.00018447915385561432
reproductive,0.00018447915385561432
conclusion,0.00018447915385561432
disinfection,0.00018447915385561432
decade,0.00018447915385561432
relevant,0.00018447915385561432
window,0.00018447915385561432
combination,0.00018447915385561432
human,0.00018447915385561432
uncertain,0.00018447915385561432
dbp,0.00018447915385561432
cantor,0.00018447915385561432
combine,0.00018447915385561432
chlorination,0.00018447915385561432
examine,0.00018447915385561432
disorder,0.00018447915385561432
literature,0.00018447915385561432
tobacco,0.00018447915385561432
scenario,0.00018447915385561432
xx_rr,0.00018447915385561432
function,0.00018447915385561432
fraction,0.00018447915385561432
linear,0.00018447915385561432
assumption,0.00018447915385561432
generally,0.00018447915385561432
asbestos,0.00018447915385561432
potash,0.00018447915385561432
category,0.00018447915385561432
technique,0.00018447915385561432
account,0.00018447915385561432
cdc,0.00018447915385561432
af,0.00018447915385561432
lag,0.00018447915385561432
consistent,0.00018447915385561432
additional,0.00018447915385561432
appropriate,0.00018447915385561432
government,0.00018447915385561432
admit,0.00018447915385561432
month,0.00018447915385561432
add,0.00018447915385561432
predict,0.00018447915385561432
improve,0.00018447915385561432
fine,0.00018447915385561432
provider,0.00018447915385561432
bowel,0.00018447915385561432
coronary,0.00018447915385561432
well,0.00018447915385561432
sure,0.00018447915385561432
note,0.00018447915385561432
narrator,0.00018447915385561432
correspondence,0.00018447915385561432
seek,0.00018447915385561432
old,0.00018447915385561432
even,0.00018447915385561432
come,0.00018447915385561432
company,0.00018447915385561432
survivor,0.00018447915385561432
nhs,0.00018447915385561432
launch,0.00018447915385561432
academic,0.00018447915385561432
college,0.00018447915385561432
sexualization,0.00018447915385561432
meet,0.00018447915385561432
school,0.00018447915385561432
personal,0.00018447915385561432
commercial,0.00018447915385561432
statistics,0.00018447915385561432
agree,0.00018447915385561432
mammography,0.00018447915385561432
consumer,0.00018447915385561432
concern,0.00018447915385561432
follow,0.00018447915385561432
self-exam,0.00018447915385561432
differ,0.00018447915385561432
choose,0.00018447915385561432
give,0.00018447915385561432
indicate,0.00018447915385561432
appearance,0.00018447915385561432
influence,0.00018447915385561432
effective,0.00018447915385561432
effort,0.00018447915385561432
lack,0.00018447915385561432
vital,0.00018447915385561432
trajectory,0.00018447915385561432
status,0.00018447915385561432
morbidity,0.00018447915385561432
palliative,0.00018447915385561432
consequence,0.00018447915385561432
calcium,0.00018447915385561432
fracture,0.00018447915385561432
cord,0.00018447915385561432
compression,0.00018447915385561432
invade,0.00018447915385561432
always,0.00018447915385561432
practical,0.00018447915385561432
call,0.00018447915385561432
nausea,0.00018447915385561432
standard,0.00018447915385561432
bmj,0.00018447915385561432
resource,0.00018447915385561432
guidance,0.00018447915385561432
reed,0.00018447915385561432
event,0.00018447915385561432
talk,0.00018447915385561432
hour,0.00018447915385561432
remove,0.00018447915385561432
spread,0.00018447915385561432
certain,0.00018447915385561432
john,0.00018447915385561432
detect,0.00018447915385561432
surgeon,0.00018447915385561432
operation,0.00018447915385561432
rosenberg,0.00018447915385561432
wall,0.00018447915385561432
nsc,0.00018447915385561432
confident,0.00018447915385561432
topic,0.00018447915385561432
database,0.00018447915385561432
invitation,0.00018447915385561432
loss,0.00018447915385561432
plan,0.00018447915385561432
training,0.00018447915385561432
carcinogen,0.00018447915385561432
shadow,0.00012298610257040955
understand,0.00012298610257040955
historical,0.00012298610257040955
significance,0.00012298610257040955
medically,0.00012298610257040955
passion,0.00012298610257040955
emerge,0.00012298610257040955
idea,0.00012298610257040955
character,0.00012298610257040955
wide,0.00012298610257040955
view,0.00012298610257040955
cigarette,0.00012298610257040955
deadly,0.00012298610257040955
both,0.00012298610257040955
recognize,0.00012298610257040955
malady,0.00012298610257040955
spiritual,0.00012298610257040955
critical,0.00012298610257040955
insanity,0.00012298610257040955
medicine,0.00012298610257040955
writer,0.00012298610257040955
occur,0.00012298610257040955
transformation,0.00012298610257040955
allow,0.00012298610257040955
catastrophic,0.00012298610257040955
threat,0.00012298610257040955
vascular,0.00012298610257040955
failure,0.00012298610257040955
lymphoma,0.00012298610257040955
trauma,0.00012298610257040955
perform,0.00012298610257040955
task,0.00012298610257040955
draw,0.00012298610257040955
combined,0.00012298610257040955
remain,0.00012298610257040955
lab,0.00012298610257040955
fred,0.00012298610257040955
hutchinson,0.00012298610257040955
previously,0.00012298610257040955
strongly,0.00012298610257040955
induce,0.00012298610257040955
carcinogenesis,0.00012298610257040955
confirm,0.00012298610257040955
plethora,0.00012298610257040955
pathological,0.00012298610257040955
obtain,0.00012298610257040955
angiogenesis,0.00012298610257040955
overexpression,0.00012298610257040955
induction,0.00012298610257040955
implication,0.00012298610257040955
therapy,0.00012298610257040955
jama,0.00012298610257040955
transcription,0.00012298610257040955
key,0.00012298610257040955
adaptation,0.00012298610257040955
therapeutics,0.00012298610257040955
algorithm,0.00012298610257040955
transcriptional,0.00012298610257040955
enhance,0.00012298610257040955
hypoxia,0.00012298610257040955
persistent,0.00012298610257040955
testicular,0.00012298610257040955
prin,0.00012298610257040955
nat,0.00012298610257040955
developmental,0.00012298610257040955
plasma,0.00012298610257040955
broad,0.00012298610257040955
context,0.00012298610257040955
causality,0.00012298610257040955
inference,0.00012298610257040955
insufficient,0.00012298610257040955
tend,0.00012298610257040955
bacterial,0.00012298610257040955
douch,0.00012298610257040955
clean,0.00012298610257040955
physiology,0.00012298610257040955
example,0.00012298610257040955
workshop,0.00012298610257040955
uncertainty,0.00012298610257040955
end,0.00012298610257040955
latency,0.00012298610257040955
accurately,0.00012298610257040955
biological,0.00012298610257040955
sample,0.00012298610257040955
measurement,0.00012298610257040955
overview,0.00012298610257040955
contaminant,0.00012298610257040955
iarc,0.00012298610257040955
thm,0.00012298610257040955
investigation,0.00012298610257040955
animal,0.00012298610257040955
classify,0.00012298610257040955
enzyme,0.00012298610257040955
glutathione,0.00012298610257040955
variability,0.00012298610257040955
source,0.00012298610257040955
molecular,0.00012298610257040955
natural,0.00012298610257040955
system,0.00012298610257040955
damage,0.00012298610257040955
myocardial,0.00012298610257040955
infarction,0.00012298610257040955
dangerous,0.00012298610257040955
scientific,0.00012298610257040955
term,0.00012298610257040955
respiratory,0.00012298610257040955
depend,0.00012298610257040955
value,0.00012298610257040955
mastectomy,0.00012298610257040955
accompany,0.00012298610257040955
gain,0.00012298610257040955
trend,0.00012298610257040955
smoking,0.00012298610257040955
pattern,0.00012298610257040955
various,0.00012298610257040955
typically,0.00012298610257040955
ebbert,0.00012298610257040955
introduction,0.00012298610257040955
background,0.00012298610257040955
curve,0.00012298610257040955
conduct,0.00012298610257040955
calculate,0.00012298610257040955
europe,0.00012298610257040955
working,0.00012298610257040955
carcinogenic,0.00012298610257040955
silica,0.00012298610257040955
formal,0.00012298610257040955
interval,0.00012298610257040955
absence,0.00012298610257040955
unexposed,0.00012298610257040955
finally,0.00012298610257040955
rrs,0.00012298610257040955
either,0.00012298610257040955
setting,0.00012298610257040955
afs,0.00012298610257040955
slope,0.00012298610257040955
past,0.00012298610257040955
pollution,0.00012298610257040955
stewart,0.00012298610257040955
emphasis,0.00012298610257040955
britain,0.00012298610257040955
estimation,0.00012298610257040955
better,0.00012298610257040955
relationship,0.00012298610257040955
sheet,0.00012298610257040955
motor,0.00012298610257040955
follow-up,0.00012298610257040955
serum,0.00012298610257040955
management,0.00012298610257040955
cough,0.00012298610257040955
urge,0.00012298610257040955
week,0.00012298610257040955
surge,0.00012298610257040955
clear,0.00012298610257040955
fall,0.00012298610257040955
cost,0.00012298610257040955
argue,0.00012298610257040955
drop,0.00012298610257040955
journal,0.00012298610257040955
lancet,0.00012298610257040955
oncology,0.00012298610257040955
poll,0.00012298610257040955
health-care,0.00012298610257040955
carry,0.00012298610257040955
free,0.00012298610257040955
atherosclerosis,0.00012298610257040955
alzheimer,0.00012298610257040955
public,0.00012298610257040955
depression,0.00012298610257040955
avoid,0.00012298610257040955
easily,0.00012298610257040955
ill,0.00012298610257040955
tony,0.00012298610257040955
try,0.00012298610257040955
build,0.00012298610257040955
image,0.00012298610257040955
faultless,0.00012298610257040955
kind,0.00012298610257040955
merely,0.00012298610257040955
simple,0.00012298610257040955
speak,0.00012298610257040955
truth,0.00012298610257040955
replace,0.00012298610257040955
exist,0.00012298610257040955
want,0.00012298610257040955
employment,0.00012298610257040955
later,0.00012298610257040955
university,0.00012298610257040955
gap,0.00012298610257040955
dementia,0.00012298610257040955
face,0.00012298610257040955
gp,0.00012298610257040955
success,0.00012298610257040955
numerous,0.00012298610257040955
popularity,0.00012298610257040955
unknown,0.00012298610257040955
perhaps,0.00012298610257040955
treatable,0.00012298610257040955
tool,0.00012298610257040955
save,0.00012298610257040955
decline,0.00012298610257040955
usa,0.00012298610257040955
annually,0.00012298610257040955
significantly,0.00012298610257040955
suggestion,0.00012298610257040955
magazine,0.00012298610257040955
murray,0.00012298610257040955
burgess,0.00012298610257040955
misunderstanding,0.00012298610257040955
mistakenly,0.00012298610257040955
erroneously,0.00012298610257040955
relate,0.00012298610257040955
component,0.00012298610257040955
underestimate,0.00012298610257040955
covello,0.00012298610257040955
criticism,0.00012298610257040955
increasingly,0.00012298610257040955
black,0.00012298610257040955
second,0.00012298610257040955
mentality,0.00012298610257040955
fight,0.00012298610257040955
spend,0.00012298610257040955
nfl,0.00012298610257040955
pink,0.00012298610257040955
crucial,0.00012298610257040955
tatas,0.00012298610257040955
financial,0.00012298610257040955
thing,0.00012298610257040955
familiarity,0.00012298610257040955
prototypical,0.00012298610257040955
collect,0.00012298610257040955
online,0.00012298610257040955
check,0.00012298610257040955
distracter,0.00012298610257040955
mayo,0.00012298610257040955
clinic,0.00012298610257040955
test,0.00012298610257040955
true,0.00012298610257040955
own,0.00012298610257040955
name,0.00012298610257040955
correctly,0.00012298610257040955
legitimate,0.00012298610257040955
big,0.00012298610257040955
disproportionately,0.00012298610257040955
additionally,0.00012298610257040955
insight,0.00012298610257040955
sense,0.00012298610257040955
security,0.00012298610257040955
television,0.00012298610257040955
decision,0.00012298610257040955
consider,0.00012298610257040955
attention,0.00012298610257040955
remember,0.00012298610257040955
successful,0.00012298610257040955
serious,0.00012298610257040955
miss,0.00012298610257040955
strategy,0.00012298610257040955
diverse,0.00012298610257040955
frequent,0.00012298610257040955
mainly,0.00012298610257040955
small,0.00012298610257040955
routinely,0.00012298610257040955
locally,0.00012298610257040955
distal,0.00012298610257040955
option,0.00012298610257040955
negative,0.00012298610257040955
local,0.00012298610257040955
side,0.00012298610257040955
skeletal,0.00012298610257040955
weakness,0.00012298610257040955
box,0.00012298610257040955
bisphosphonate,0.00012298610257040955
define,0.00012298610257040955
progressive,0.00012298610257040955
cross-sectional,0.00012298610257040955
limitation,0.00012298610257040955
impending,0.00012298610257040955
sequelae,0.00012298610257040955
assistance,0.00012298610257040955
course,0.00012298610257040955
forum,0.00012298610257040955
particular,0.00012298610257040955
trastuzumab,0.00012298610257040955
address,0.00012298610257040955
anorexia,0.00012298610257040955
network,0.00012298610257040955
professional,0.00012298610257040955
deliver,0.00012298610257040955
paper,0.00012298610257040955
prescription,0.00012298610257040955
coleman,0.00012298610257040955
nurs,0.00012298610257040955
lose,0.00012298610257040955
ability,0.00012298610257040955
date,0.00012298610257040955
power,0.00012298610257040955
duty,0.00012298610257040955
extensive,0.00012298610257040955
colonoscopic,0.00012298610257040955
examination,0.00012298610257040955
physician,0.00012298610257040955
hutton,0.00012298610257040955
record,0.00012298610257040955
complete,0.00012298610257040955
touch,0.00012298610257040955
fully,0.00012298610257040955
confine,0.00012298610257040955
colonic,0.00012298610257040955
highly,0.00012298610257040955
presidential,0.00012298610257040955
clearly,0.00012298610257040955
room,0.00012298610257040955
affair,0.00012298610257040955
recovery,0.00012298610257040955
venous,0.00012298610257040955
televised,0.00012298610257040955
prediction,0.00012298610257040955
leader,0.00012298610257040955
obvious,0.00012298610257040955
invoke,0.00012298610257040955
supplementation,0.00012298610257040955
insurer,0.00012298610257040955
return,0.00012298610257040955
hard,0.00012298610257040955
alcohol,0.00012298610257040955
dwp,0.00012298610257040955
civil,0.00012298610257040955
carer,0.00012298610257040955
ensure,0.00012298610257040955
reach,0.00012298610257040955
team,0.00012298610257040955
best,0.00012298610257040955
gi,0.00012298610257040955
incident,0.00012298610257040955
intervention,0.00012298610257040955
single,0.00012298610257040955
crc,0.00012298610257040955
contact,0.00012298610257040955
norway,0.00012298610257040955
process,0.00012298610257040955
partnership,0.00012298610257040955
create,0.00012298610257040955
department,0.00012298610257040955
tailored,0.00012298610257040955
educate,0.00012298610257040955
institution,0.00012298610257040955
unit,0.00012298610257040955
cultural,6.149305128520478e-05
poorly,6.149305128520478e-05
stealthily,6.149305128520478e-05
dread,6.149305128520478e-05
invincible,6.149305128520478e-05
predator,6.149305128520478e-05
sensitivity,6.149305128520478e-05
modern,6.149305128520478e-05
romantic,6.149305128520478e-05
inevitably,6.149305128520478e-05
assert,6.149305128520478e-05
formulate,6.149305128520478e-05
reflect,6.149305128520478e-05
obligation,6.149305128520478e-05
responsibility,6.149305128520478e-05
island,6.149305128520478e-05
frailty,6.149305128520478e-05
paranoid,6.149305128520478e-05
trouble,6.149305128520478e-05
force,6.149305128520478e-05
pollutant,6.149305128520478e-05
ray,6.149305128520478e-05
isolation,6.149305128520478e-05
century,6.149305128520478e-05
fiction,6.149305128520478e-05
vehicle,6.149305128520478e-05
discontent,6.149305128520478e-05
central,6.149305128520478e-05
premise,6.149305128520478e-05
conflation,6.149305128520478e-05
projected,6.149305128520478e-05
baby-boomer,6.149305128520478e-05
forefront,6.149305128520478e-05
solve,6.149305128520478e-05
researcher,6.149305128520478e-05
fox,6.149305128520478e-05
fictional,6.149305128520478e-05
metaphorically,6.149305128520478e-05
reader,6.149305128520478e-05
illusion,6.149305128520478e-05
perceive,6.149305128520478e-05
identity,6.149305128520478e-05
amputation,6.149305128520478e-05
tacrolimus,6.149305128520478e-05
opportunistic,6.149305128520478e-05
sepsis,6.149305128520478e-05
renal,6.149305128520478e-05
ultimately,6.149305128520478e-05
non-hodgkin,6.149305128520478e-05
fungal,6.149305128520478e-05
directly,6.149305128520478e-05
disaster,6.149305128520478e-05
sustain,6.149305128520478e-05
minor,6.149305128520478e-05
texas,6.149305128520478e-05
hurricane,6.149305128520478e-05
ike,6.149305128520478e-05
brush,6.149305128520478e-05
tree,6.149305128520478e-05
storm,6.149305128520478e-05
total,6.149305128520478e-05
melanoma,6.149305128520478e-05
ingestion,6.149305128520478e-05
inhalation,6.149305128520478e-05
dose-dependent,6.149305128520478e-05
chen,6.149305128520478e-05
exact,6.149305128520478e-05
frozen,6.149305128520478e-05
gao,6.149305128520478e-05
aberration,6.149305128520478e-05
mirnas,6.149305128520478e-05
profile,6.149305128520478e-05
bench,6.149305128520478e-05
iorio,6.149305128520478e-05
croce,6.149305128520478e-05
situation,6.149305128520478e-05
angiogenic,6.149305128520478e-05
inhibit,6.149305128520478e-05
thus,6.149305128520478e-05
downstream,6.149305128520478e-05
vegf,6.149305128520478e-05
chemopreventive,6.149305128520478e-05
anti-angiogenic,6.149305128520478e-05
property,6.149305128520478e-05
inhibition,6.149305128520478e-05
kang,6.149305128520478e-05
supplemental,6.149305128520478e-05
ro,6.149305128520478e-05
taiwan,6.149305128520478e-05
modulate,6.149305128520478e-05
mol,6.149305128520478e-05
hallmark,6.149305128520478e-05
microenvironment,6.149305128520478e-05
dysregulation,6.149305128520478e-05
diagnostics,6.149305128520478e-05
application,6.149305128520478e-05
up-regulation,6.149305128520478e-05
endothelial,6.149305128520478e-05
cobalt,6.149305128520478e-05
mediate,6.149305128520478e-05
chromium,6.149305128520478e-05
tumorigenesis,6.149305128520478e-05
shah,6.149305128520478e-05
axis,6.149305128520478e-05
abnormality,6.149305128520478e-05
seminal,6.149305128520478e-05
vesicle,6.149305128520478e-05
neonatal,6.149305128520478e-05
alteration,6.149305128520478e-05
rat,6.149305128520478e-05
permanent,6.149305128520478e-05
androgen,6.149305128520478e-05
maternal,6.149305128520478e-05
synthetic,6.149305128520478e-05
genital,6.149305128520478e-05
tract,6.149305128520478e-05
relation,6.149305128520478e-05
neoplasia,6.149305128520478e-05
elicit,6.149305128520478e-05
demethylation,6.149305128520478e-05
estrogen-responsive,6.149305128520478e-05
lactoferrin,6.149305128520478e-05
gene,6.149305128520478e-05
uterus,6.149305128520478e-05
tomatis,6.149305128520478e-05
mcclain,6.149305128520478e-05
rm,6.149305128520478e-05
keller,6.149305128520478e-05
casciano,6.149305128520478e-05
fu,6.149305128520478e-05
macdonald,6.149305128520478e-05
adenocarcinoma,6.149305128520478e-05
hormonal,6.149305128520478e-05
developing,6.149305128520478e-05
gland,6.149305128520478e-05
stromal,6.149305128520478e-05
uptake,6.149305128520478e-05
lipoprotein,6.149305128520478e-05
woe,6.149305128520478e-05
bradford,6.149305128520478e-05
hill,6.149305128520478e-05
causal,6.149305128520478e-05
irritation,6.149305128520478e-05
douche,6.149305128520478e-05
feminine,6.149305128520478e-05
deodorizers,6.149305128520478e-05
vaginosis,6.149305128520478e-05
yeast,6.149305128520478e-05
socioeconomic,6.149305128520478e-05
pelvic,6.149305128520478e-05
inflammatory,6.149305128520478e-05
cervical,6.149305128520478e-05
transmission,6.149305128520478e-05
adverse,6.149305128520478e-05
long-standing,6.149305128520478e-05
warning,6.149305128520478e-05
majority,6.149305128520478e-05
fresh,6.149305128520478e-05
aromatase,6.149305128520478e-05
summarize,6.149305128520478e-05
occurrence,6.149305128520478e-05
surrogate,6.149305128520478e-05
mixture,6.149305128520478e-05
villanueva,6.149305128520478e-05
set,6.149305128520478e-05
methemoglobinemia,6.149305128520478e-05
infant,6.149305128520478e-05
ward,6.149305128520478e-05
capture,6.149305128520478e-05
temporal,6.149305128520478e-05
variation,6.149305128520478e-05
short,6.149305128520478e-05
cover,6.149305128520478e-05
gestation,6.149305128520478e-05
chemical,6.149305128520478e-05
metabolite,6.149305128520478e-05
nuckols,6.149305128520478e-05
who,6.149305128520478e-05
inconsistent,6.149305128520478e-05
consistently,6.149305128520478e-05
mcls,6.149305128520478e-05
bove,6.149305128520478e-05
esophagus,6.149305128520478e-05
stomach,6.149305128520478e-05
nitrite,6.149305128520478e-05
amine,6.149305128520478e-05
endogenous,6.149305128520478e-05
nitrosation,6.149305128520478e-05
extensively,6.149305128520478e-05
variant,6.149305128520478e-05
polymorphism,6.149305128520478e-05
consistency,6.149305128520478e-05
theta,6.149305128520478e-05
zeta,6.149305128520478e-05
subfamily,6.149305128520478e-05
polypeptide,6.149305128520478e-05
enzymatic,6.149305128520478e-05
strengthen,6.149305128520478e-05
hypothesis,6.149305128520478e-05
dbps,6.149305128520478e-05
compound,6.149305128520478e-05
incorporate,6.149305128520478e-05
dimension,6.149305128520478e-05
retrospective,6.149305128520478e-05
fluoride,6.149305128520478e-05
osteosarcoma,6.149305128520478e-05
geographic,6.149305128520478e-05
disinfectant,6.149305128520478e-05
internal,6.149305128520478e-05
low-level,6.149305128520478e-05
spain,6.149305128520478e-05
specificity,6.149305128520478e-05
iowa,6.149305128520478e-05
van,6.149305128520478e-05
domingo,6.149305128520478e-05
residential,6.149305128520478e-05
groundwater,6.149305128520478e-05
sci,6.149305128520478e-05
eval,6.149305128520478e-05
transitional,6.149305128520478e-05
carcinoma,6.149305128520478e-05
hampshire,6.149305128520478e-05
finland,6.149305128520478e-05
interview,6.149305128520478e-05
genome,6.149305128520478e-05
exposome,6.149305128520478e-05
outstanding,6.149305128520478e-05
epidemiology,6.149305128520478e-05
site-specific,6.149305128520478e-05
washington,6.149305128520478e-05
county,6.149305128520478e-05
maryland,6.149305128520478e-05
imbalance,6.149305128520478e-05
toxicity,6.149305128520478e-05
irreversible,6.149305128520478e-05
enlarge,6.149305128520478e-05
deepen,6.149305128520478e-05
voice,6.149305128520478e-05
excessive,6.149305128520478e-05
hair,6.149305128520478e-05
premature,6.149305128520478e-05
closure,6.149305128520478e-05
stunted,6.149305128520478e-05
williams,6.149305128520478e-05
personally,6.149305128520478e-05
inject,6.149305128520478e-05
vaccine,6.149305128520478e-05
contain,6.149305128520478e-05
autoimmune,6.149305128520478e-05
squalene,6.149305128520478e-05
fault,6.149305128520478e-05
star,6.149305128520478e-05
dutton,6.149305128520478e-05
deeply,6.149305128520478e-05
book,6.149305128520478e-05
teen,6.149305128520478e-05
imminent,6.149305128520478e-05
dental,6.149305128520478e-05
sensory,6.149305128520478e-05
impairment,6.149305128520478e-05
difficulty,6.149305128520478e-05
swallow,6.149305128520478e-05
bandwagon,6.149305128520478e-05
widespread,6.149305128520478e-05
prejudice,6.149305128520478e-05
limited,6.149305128520478e-05
apparent,6.149305128520478e-05
resonate,6.149305128520478e-05
fat,6.149305128520478e-05
onset,6.149305128520478e-05
ailment,6.149305128520478e-05
stephanie,6.149305128520478e-05
adams,6.149305128520478e-05
narrative,6.149305128520478e-05
fitness,6.149305128520478e-05
entitle,6.149305128520478e-05
endure,6.149305128520478e-05
reconstructive,6.149305128520478e-05
pound,6.149305128520478e-05
secular,6.149305128520478e-05
cryptorchidism,6.149305128520478e-05
hypospadias,6.149305128520478e-05
sperm,6.149305128520478e-05
hughes,6.149305128520478e-05
union,6.149305128520478e-05
framework,6.149305128520478e-05
evelyn,6.149305128520478e-05
cambridge,6.149305128520478e-05
pulmonary,6.149305128520478e-05
mathers,6.149305128520478e-05
thun,6.149305128520478e-05
closely,6.149305128520478e-05
parallel,6.149305128520478e-05
dose-response,6.149305128520478e-05
variety,6.149305128520478e-05
characterize,6.149305128520478e-05
hypercoagulable,6.149305128520478e-05
falanga,6.149305128520478e-05
samama,6.149305128520478e-05
plausible,6.149305128520478e-05
explanation,6.149305128520478e-05
pathology,6.149305128520478e-05
cerhan,6.149305128520478e-05
reduction,6.149305128520478e-05
cessation,6.149305128520478e-05
thrombophilic,6.149305128520478e-05
involve,6.149305128520478e-05
src,6.149305128520478e-05
kinase,6.149305128520478e-05
hrubec,6.149305128520478e-05
mclaughlin,6.149305128520478e-05
jk,6.149305128520478e-05
nutrition,6.149305128520478e-05
novel,6.149305128520478e-05
loci,6.149305128520478e-05
global,6.149305128520478e-05
priority,6.149305128520478e-05
erc,6.149305128520478e-05
proxy,6.149305128520478e-05
outdoor,6.149305128520478e-05
pose,6.149305128520478e-05
usually,6.149305128520478e-05
acceptable,6.149305128520478e-05
limit,6.149305128520478e-05
citation,6.149305128520478e-05
monograph,6.149305128520478e-05
series,6.149305128520478e-05
contributor,6.149305128520478e-05
marker,6.149305128520478e-05
independent,6.149305128520478e-05
garshick,6.149305128520478e-05
clarify,6.149305128520478e-05
reference,6.149305128520478e-05
nonreference,6.149305128520478e-05
derivation,6.149305128520478e-05
metric,6.149305128520478e-05
detail,6.149305128520478e-05
ascertain,6.149305128520478e-05
nest,6.149305128520478e-05
mining,6.149305128520478e-05
facility,6.149305128520478e-05
density,6.149305128520478e-05
elr,6.149305128520478e-05
apply,6.149305128520478e-05
committee,6.149305128520478e-05
stratify,6.149305128520478e-05
sum,6.149305128520478e-05
approximate,6.149305128520478e-05
occupationally,6.149305128520478e-05
driscoll,6.149305128520478e-05
translate,6.149305128520478e-05
potentially,6.149305128520478e-05
roughly,6.149305128520478e-05
janssen,6.149305128520478e-05
average,6.149305128520478e-05
urban,6.149305128520478e-05
unadjusted,6.149305128520478e-05
calculation,6.149305128520478e-05
modify,6.149305128520478e-05
habit,6.149305128520478e-05
modification,6.149305128520478e-05
cohen,6.149305128520478e-05
k.s,6.149305128520478e-05
participate,6.149305128520478e-05
lyon,6.149305128520478e-05
france,6.149305128520478e-05
5-year,6.149305128520478e-05
attfield,6.149305128520478e-05
schleiff,6.149305128520478e-05
lubin,6.149305128520478e-05
jh,6.149305128520478e-05
blair,6.149305128520478e-05
baan,6.149305128520478e-05
grosse,6.149305128520478e-05
el,6.149305128520478e-05
bouvard,6.149305128520478e-05
mesothelioma,6.149305128520478e-05
railroad,6.149305128520478e-05
steep,6.149305128520478e-05
reanalysis,6.149305128520478e-05
emission,6.149305128520478e-05
pa,6.149305128520478e-05
pt,6.149305128520478e-05
vermeulen,6.149305128520478e-05
rc,6.149305128520478e-05
nested,6.149305128520478e-05
steenland,6.149305128520478e-05
armstrong,6.149305128520478e-05
smoke,6.149305128520478e-05
non-smoker,6.149305128520478e-05
log-linear,6.149305128520478e-05
regression,6.149305128520478e-05
greenland,6.149305128520478e-05
robins,6.149305128520478e-05
diagram,6.149305128520478e-05
dramatic,6.149305128520478e-05
tv,6.149305128520478e-05
extra,6.149305128520478e-05
construction,6.149305128520478e-05
struggle,6.149305128520478e-05
recover,6.149305128520478e-05
properly,6.149305128520478e-05
halve,6.149305128520478e-05
income,6.149305128520478e-05
afford,6.149305128520478e-05
adequately,6.149305128520478e-05
heat,6.149305128520478e-05
europe-wide,6.149305128520478e-05
collaborative,6.149305128520478e-05
project,6.149305128520478e-05
nevertheless,6.149305128520478e-05
thanks,6.149305128520478e-05
respondent,6.149305128520478e-05
act,6.149305128520478e-05
really,6.149305128520478e-05
trait,6.149305128520478e-05
conjunction,6.149305128520478e-05
editorial,6.149305128520478e-05
oxidative,6.149305128520478e-05
radical,6.149305128520478e-05
inflammation,6.149305128520478e-05
rheumatism,6.149305128520478e-05
neurodegenerative,6.149305128520478e-05
kyung,6.149305128520478e-05
intake,6.149305128520478e-05
dietary,6.149305128520478e-05
phytochemical,6.149305128520478e-05
artery,6.149305128520478e-05
khoo,6.149305128520478e-05
mulvihill,6.149305128520478e-05
flavonoid,6.149305128520478e-05
complicated,6.149305128520478e-05
millennium,6.149305128520478e-05
persuade,6.149305128520478e-05
smoker,6.149305128520478e-05
quit,6.149305128520478e-05
danger,6.149305128520478e-05
possibly,6.149305128520478e-05
hemingway,6.149305128520478e-05
fallout,6.149305128520478e-05
apartment,6.149305128520478e-05
office,6.149305128520478e-05
quietly,6.149305128520478e-05
garage,6.149305128520478e-05
native,6.149305128520478e-05
tradition,6.149305128520478e-05
smith,6.149305128520478e-05
wesson,6.149305128520478e-05
insomnia,6.149305128520478e-05
terminate,6.149305128520478e-05
remorse,6.149305128520478e-05
bankruptcy,6.149305128520478e-05
blast,6.149305128520478e-05
exit,6.149305128520478e-05
intolerable,6.149305128520478e-05
position,6.149305128520478e-05
pressure,6.149305128520478e-05
finger,6.149305128520478e-05
admirable,6.149305128520478e-05
instrument,6.149305128520478e-05
nightmare,6.149305128520478e-05
drawback,6.149305128520478e-05
mess,6.149305128520478e-05
leave,6.149305128520478e-05
relative,6.149305128520478e-05
intoxicated,6.149305128520478e-05
terminally,6.149305128520478e-05
broyard,6.149305128520478e-05
cite,6.149305128520478e-05
literary,6.149305128520478e-05
critic,6.149305128520478e-05
kenneth,6.149305128520478e-05
burke,6.149305128520478e-05
illuminate,6.149305128520478e-05
tension,6.149305128520478e-05
animate,6.149305128520478e-05
memoirist,6.149305128520478e-05
pen,6.149305128520478e-05
tacit,6.149305128520478e-05
boundary,6.149305128520478e-05
dance,6.149305128520478e-05
rambo,6.149305128520478e-05
utterly,6.149305128520478e-05
alone,6.149305128520478e-05
boss,6.149305128520478e-05
precede,6.149305128520478e-05
uncle,6.149305128520478e-05
jersey,6.149305128520478e-05
racket,6.149305128520478e-05
constantly,6.149305128520478e-05
operate,6.149305128520478e-05
fed,6.149305128520478e-05
rico,6.149305128520478e-05
babushka,6.149305128520478e-05
bare,6.149305128520478e-05
plum,6.149305128520478e-05
memoir,6.149305128520478e-05
crop,6.149305128520478e-05
berry,6.149305128520478e-05
liken,6.149305128520478e-05
benevolence,6.149305128520478e-05
accident,6.149305128520478e-05
mutation,6.149305128520478e-05
guileless,6.149305128520478e-05
cellular,6.149305128520478e-05
mechanic,6.149305128520478e-05
attend,6.149305128520478e-05
frustration,6.149305128520478e-05
track,6.149305128520478e-05
row,6.149305128520478e-05
fugitive,6.149305128520478e-05
rest,6.149305128520478e-05
persuasion,6.149305128520478e-05
expect,6.149305128520478e-05
annunciation,6.149305128520478e-05
survive,6.149305128520478e-05
stanza,6.149305128520478e-05
gingerly,6.149305128520478e-05
bulge,6.149305128520478e-05
torture,6.149305128520478e-05
slim,6.149305128520478e-05
chance,6.149305128520478e-05
tick,6.149305128520478e-05
evasion,6.149305128520478e-05
potent,6.149305128520478e-05
dose,6.149305128520478e-05
half-truth,6.149305128520478e-05
wane,6.149305128520478e-05
potency,6.149305128520478e-05
page,6.149305128520478e-05
wallace,6.149305128520478e-05
intravenous,6.149305128520478e-05
injection,6.149305128520478e-05
conn,6.149305128520478e-05
suspicion,6.149305128520478e-05
tide,6.149305128520478e-05
ship,6.149305128520478e-05
south,6.149305128520478e-05
africa,6.149305128520478e-05
benchmark,6.149305128520478e-05
publicly,6.149305128520478e-05
engagement,6.149305128520478e-05
reporting,6.149305128520478e-05
unemployment,6.149305128520478e-05
unemployed,6.149305128520478e-05
michigan,6.149305128520478e-05
comprehensive,6.149305128520478e-05
think-tank,6.149305128520478e-05
complex,6.149305128520478e-05
ageing,6.149305128520478e-05
budget,6.149305128520478e-05
bad,6.149305128520478e-05
updated,6.149305128520478e-05
path,6.149305128520478e-05
audience,6.149305128520478e-05
recommendation,6.149305128520478e-05
betty,6.149305128520478e-05
ford,6.149305128520478e-05
announcement,6.149305128520478e-05
break,6.149305128520478e-05
universal,6.149305128520478e-05
silence,6.149305128520478e-05
tremendous,6.149305128520478e-05
proactive,6.149305128520478e-05
regularly,6.149305128520478e-05
mammogram,6.149305128520478e-05
certainly,6.149305128520478e-05
choice,6.149305128520478e-05
insurance,6.149305128520478e-05
hail,6.149305128520478e-05
associated,6.149305128520478e-05
remission,6.149305128520478e-05
steady,6.149305128520478e-05
others,6.149305128520478e-05
acknowledge,6.149305128520478e-05
garfinkel,6.149305128520478e-05
mayer,6.149305128520478e-05
kolata,6.149305128520478e-05
rie,6.149305128520478e-05
news-worthy,6.149305128520478e-05
qualification,6.149305128520478e-05
establish,6.149305128520478e-05
apa,6.149305128520478e-05
journalist,6.149305128520478e-05
judge,6.149305128520478e-05
calvert,6.149305128520478e-05
discouraging,6.149305128520478e-05
accurate,6.149305128520478e-05
general,6.149305128520478e-05
theme,6.149305128520478e-05
wilson,6.149305128520478e-05
misperception,6.149305128520478e-05
purport,6.149305128520478e-05
portray,6.149305128520478e-05
manner,6.149305128520478e-05
incorrectly,6.149305128520478e-05
error,6.149305128520478e-05
america,6.149305128520478e-05
kill,6.149305128520478e-05
preventable,6.149305128520478e-05
erroneous,6.149305128520478e-05
perception,6.149305128520478e-05
neglect,6.149305128520478e-05
indeed,6.149305128520478e-05
healton,6.149305128520478e-05
ash,6.149305128520478e-05
anti-smoking,6.149305128520478e-05
accuracy,6.149305128520478e-05
tout,6.149305128520478e-05
similar,6.149305128520478e-05
mistake,6.149305128520478e-05
peters,6.149305128520478e-05
critique,6.149305128520478e-05
presentation,6.149305128520478e-05
preferred,6.149305128520478e-05
approach,6.149305128520478e-05
chilling,6.149305128520478e-05
illustration,6.149305128520478e-05
perplexing,6.149305128520478e-05
considerably,6.149305128520478e-05
simply,6.149305128520478e-05
buy,6.149305128520478e-05
join,6.149305128520478e-05
nbcam,6.149305128520478e-05
unfortunately,6.149305128520478e-05
money,6.149305128520478e-05
marketing,6.149305128520478e-05
player,6.149305128520478e-05
football,6.149305128520478e-05
league,6.149305128520478e-05
tape,6.149305128520478e-05
wear,6.149305128520478e-05
cleat,6.149305128520478e-05
chin,6.149305128520478e-05
strap,6.149305128520478e-05
sell,6.149305128520478e-05
proud,6.149305128520478e-05
catch,6.149305128520478e-05
profit,6.149305128520478e-05
goldberg,6.149305128520478e-05
virtual,6.149305128520478e-05
cottage,6.149305128520478e-05
well-established,6.149305128520478e-05
fund-raiser,6.149305128520478e-05
questionable,6.149305128520478e-05
t-shirt,6.149305128520478e-05
bracelet,6.149305128520478e-05
clever,6.149305128520478e-05
presumably,6.149305128520478e-05
afore-mentioned,6.149305128520478e-05
actual,6.149305128520478e-05
prototype,6.149305128520478e-05
disparity,6.149305128520478e-05
purchase,6.149305128520478e-05
packet,6.149305128520478e-05
questionnaire,6.149305128520478e-05
embed,6.149305128520478e-05
incorrect,6.149305128520478e-05
circle,6.149305128520478e-05
real,6.149305128520478e-05
cop,6.149305128520478e-05
lend,6.149305128520478e-05
hand,6.149305128520478e-05
market,6.149305128520478e-05
financially,6.149305128520478e-05
design,6.149305128520478e-05
overwhelmingly,6.149305128520478e-05
unaware,6.149305128520478e-05
inconsistently,6.149305128520478e-05
more,6.149305128520478e-05
substantive,6.149305128520478e-05
outweigh,6.149305128520478e-05
predominately,6.149305128520478e-05
solicit,6.149305128520478e-05
virtually,6.149305128520478e-05
phrase,6.149305128520478e-05
differently,6.149305128520478e-05
valuable,6.149305128520478e-05
absorb,6.149305128520478e-05
heredity,6.149305128520478e-05
false,6.149305128520478e-05
unconcerned,6.149305128520478e-05
emphasize,6.149305128520478e-05
contemporary,6.149305128520478e-05
self-efficacy,6.149305128520478e-05
portrayal,6.149305128520478e-05
furthermore,6.149305128520478e-05
objectification,6.149305128520478e-05
lumpectomy,6.149305128520478e-05
implant,6.149305128520478e-05
administer,6.149305128520478e-05
pre-menopausal,6.149305128520478e-05
very,6.149305128520478e-05
preservation,6.149305128520478e-05
sexual,6.149305128520478e-05
imagery,6.149305128520478e-05
pay,6.149305128520478e-05
advertisement,6.149305128520478e-05
seemingly,6.149305128520478e-05
ineffective,6.149305128520478e-05
healthy,6.149305128520478e-05
enthusiasm,6.149305128520478e-05
commendable,6.149305128520478e-05
grass,6.149305128520478e-05
root,6.149305128520478e-05
recuperation,6.149305128520478e-05
considerable,6.149305128520478e-05
internationally,6.149305128520478e-05
substantially,6.149305128520478e-05
reform,6.149305128520478e-05
curative,6.149305128520478e-05
intent,6.149305128520478e-05
precise,6.149305128520478e-05
refer,6.149305128520478e-05
occasion,6.149305128520478e-05
brain,6.149305128520478e-05
lymphatic,6.149305128520478e-05
poor,6.149305128520478e-05
relapse,6.149305128520478e-05
publication,6.149305128520478e-05
connect,6.149305128520478e-05
enhanced,6.149305128520478e-05
amount,6.149305128520478e-05
require,6.149305128520478e-05
invaluable,6.149305128520478e-05
comparison,6.149305128520478e-05
specialist,6.149305128520478e-05
expertise,6.149305128520478e-05
biologically,6.149305128520478e-05
improved,6.149305128520478e-05
effectiveness,6.149305128520478e-05
hormone,6.149305128520478e-05
epidermal,6.149305128520478e-05
availability,6.149305128520478e-05
co-morbidities,6.149305128520478e-05
menopausal,6.149305128520478e-05
circumstance,6.149305128520478e-05
introduce,6.149305128520478e-05
rigidity,6.149305128520478e-05
inflexibly,6.149305128520478e-05
supplementary,6.149305128520478e-05
degree,6.149305128520478e-05
iatrogenic,6.149305128520478e-05
achieve,6.149305128520478e-05
balance,6.149305128520478e-05
harm,6.149305128520478e-05
uncontrolled,6.149305128520478e-05
lesion,6.149305128520478e-05
hot,6.149305128520478e-05
flush,6.149305128520478e-05
restricted,6.149305128520478e-05
mobility,6.149305128520478e-05
arise,6.149305128520478e-05
disrupted,6.149305128520478e-05
homeostasis,6.149305128520478e-05
cauda,6.149305128520478e-05
equina,6.149305128520478e-05
neuropathic,6.149305128520478e-05
compress,6.149305128520478e-05
moderate,6.149305128520478e-05
localised,6.149305128520478e-05
deep,6.149305128520478e-05
ache,6.149305128520478e-05
stab,6.149305128520478e-05
nature,6.149305128520478e-05
movement,6.149305128520478e-05
night,6.149305128520478e-05
cochrane,6.149305128520478e-05
relief,6.149305128520478e-05
infrequent,6.149305128520478e-05
indication,6.149305128520478e-05
destroy,6.149305128520478e-05
suggestive,6.149305128520478e-05
urgent,6.149305128520478e-05
coordinator,6.149305128520478e-05
spine,6.149305128520478e-05
lumbar,6.149305128520478e-05
unremitting,6.149305128520478e-05
strain,6.149305128520478e-05
tenderness,6.149305128520478e-05
nocturnal,6.149305128520478e-05
prevent,6.149305128520478e-05
sleep,6.149305128520478e-05
indicator,6.149305128520478e-05
determine,6.149305128520478e-05
regimen,6.149305128520478e-05
contrast,6.149305128520478e-05
north,6.149305128520478e-05
hopelessness,6.149305128520478e-05
sadness,6.149305128520478e-05
apprehension,6.149305128520478e-05
unpredictable,6.149305128520478e-05
unsurprising,6.149305128520478e-05
adapt,6.149305128520478e-05
maintain,6.149305128520478e-05
timely,6.149305128520478e-05
lifestyle,6.149305128520478e-05
vary,6.149305128520478e-05
adrift,6.149305128520478e-05
provision,6.149305128520478e-05
routine,6.149305128520478e-05
monitoring,6.149305128520478e-05
psychosocial,6.149305128520478e-05
up-to-date,6.149305128520478e-05
voluntary,6.149305128520478e-05
sector,6.149305128520478e-05
lengthen,6.149305128520478e-05
regime,6.149305128520478e-05
herald,6.149305128520478e-05
reject,6.149305128520478e-05
herceptin,6.149305128520478e-05
ground,6.149305128520478e-05
cost-effective,6.149305128520478e-05
extend,6.149305128520478e-05
median,6.149305128520478e-05
scheme,6.149305128520478e-05
still,6.149305128520478e-05
fund,6.149305128520478e-05
constipation,6.149305128520478e-05
extreme,6.149305128520478e-05
mild,6.149305128520478e-05
confusion,6.149305128520478e-05
muscular,6.149305128520478e-05
improving,6.149305128520478e-05
attain,6.149305128520478e-05
concept,6.149305128520478e-05
responsible,6.149305128520478e-05
esler,6.149305128520478e-05
direct,6.149305128520478e-05
opportunity,6.149305128520478e-05
respond,6.149305128520478e-05
breakthrough,6.149305128520478e-05
little,6.149305128520478e-05
shortage,6.149305128520478e-05
specialize,6.149305128520478e-05
terminology,6.149305128520478e-05
over-expressed,6.149305128520478e-05
summary,6.149305128520478e-05
appraisal,6.149305128520478e-05
warren,6.149305128520478e-05
mackie,6.149305128520478e-05
coordination,6.149305128520478e-05
consensus,6.149305128520478e-05
qualitative,6.149305128520478e-05
endocrine,6.149305128520478e-05
responsive,6.149305128520478e-05
bt,6.149305128520478e-05
clin,6.149305128520478e-05
organisation,6.149305128520478e-05
ladder,6.149305128520478e-05
ream,6.149305128520478e-05
randomised,6.149305128520478e-05
corner,6.149305128520478e-05
late,6.149305128520478e-05
struggling,6.149305128520478e-05
recall,6.149305128520478e-05
forget,6.149305128520478e-05
everyday,6.149305128520478e-05
object,6.149305128520478e-05
repeating,6.149305128520478e-05
thread,6.149305128520478e-05
mid,6.149305128520478e-05
anxious,6.149305128520478e-05
depressed,6.149305128520478e-05
angry,6.149305128520478e-05
forgetfulness,6.149305128520478e-05
surroundings,6.149305128520478e-05
serological,6.149305128520478e-05
screen,6.149305128520478e-05
pmr,6.149305128520478e-05
mediation,6.149305128520478e-05
hierarchical,6.149305128520478e-05
editor,6.149305128520478e-05
shannon,6.149305128520478e-05
assess,6.149305128520478e-05
likelihood,6.149305128520478e-05
shape,6.149305128520478e-05
heavily,6.149305128520478e-05
summer,6.149305128520478e-05
aide,6.149305128520478e-05
resume,6.149305128520478e-05
presidency,6.149305128520478e-05
word,6.149305128520478e-05
anesthesia,6.149305128520478e-05
43-minute,6.149305128520478e-05
benign,6.149305128520478e-05
nancy,6.149305128520478e-05
cancerous,6.149305128520478e-05
precancerous,6.149305128520478e-05
concerned,6.149305128520478e-05
surrounding,6.149305128520478e-05
house,6.149305128520478e-05
malignant,6.149305128520478e-05
press,6.149305128520478e-05
secretary,6.149305128520478e-05
larry,6.149305128520478e-05
speake,6.149305128520478e-05
ugly,6.149305128520478e-05
subsequently,6.149305128520478e-05
else,6.149305128520478e-05
dale,6.149305128520478e-05
oller,6.149305128520478e-05
explain,6.149305128520478e-05
pleased,6.149305128520478e-05
withstand,6.149305128520478e-05
ultimate,6.149305128520478e-05
beautifully,6.149305128520478e-05
stephen,6.149305128520478e-05
reporter,6.149305128520478e-05
penetrate,6.149305128520478e-05
muscle,6.149305128520478e-05
heightened,6.149305128520478e-05
assure,6.149305128520478e-05
lymph,6.149305128520478e-05
node,6.149305128520478e-05
surround,6.149305128520478e-05
vessel,6.149305128520478e-05
nerve,6.149305128520478e-05
prospect,6.149305128520478e-05
excellent,6.149305128520478e-05
expectancy,6.149305128520478e-05
present,6.149305128520478e-05
optimistic,6.149305128520478e-05
happy,6.149305128520478e-05
inform,6.149305128520478e-05
segment,6.149305128520478e-05
cleanly,6.149305128520478e-05
intact,6.149305128520478e-05
complain,6.149305128520478e-05
story,6.149305128520478e-05
impression,6.149305128520478e-05
suffer,6.149305128520478e-05
exam,6.149305128520478e-05
discover,6.149305128520478e-05
extent,6.149305128520478e-05
crisis,6.149305128520478e-05
seem,6.149305128520478e-05
inextricably,6.149305128520478e-05
attach,6.149305128520478e-05
administration,6.149305128520478e-05
neither,6.149305128520478e-05
private,6.149305128520478e-05
citizen,6.149305128520478e-05
lobby,6.149305128520478e-05
congress,6.149305128520478e-05
move,6.149305128520478e-05
cia,6.149305128520478e-05
direction,6.149305128520478e-05
adviser,6.149305128520478e-05
oliver,6.149305128520478e-05
reasonable,6.149305128520478e-05
attribute,6.149305128520478e-05
puzzling,6.149305128520478e-05
lapse,6.149305128520478e-05
seed,6.149305128520478e-05
grow,6.149305128520478e-05
exponentially,6.149305128520478e-05
soon,6.149305128520478e-05
disturbing,6.149305128520478e-05
surely,6.149305128520478e-05
realize,6.149305128520478e-05
similarly,6.149305128520478e-05
recurrence,6.149305128520478e-05
eventual,6.149305128520478e-05
robert,6.149305128520478e-05
escape,6.149305128520478e-05
portal,6.149305128520478e-05
vein,6.149305128520478e-05
structure,6.149305128520478e-05
dire,6.149305128520478e-05
discomfort,6.149305128520478e-05
understandable,6.149305128520478e-05
unable,6.149305128520478e-05
mcfarlane,6.149305128520478e-05
telephone,6.149305128520478e-05
perspective,6.149305128520478e-05
attack,6.149305128520478e-05
slowly,6.149305128520478e-05
fairly,6.149305128520478e-05
deterioration,6.149305128520478e-05
leadership,6.149305128520478e-05
insidious,6.149305128520478e-05
unelected,6.149305128520478e-05
senior,6.149305128520478e-05
officially,6.149305128520478e-05
unwisely,6.149305128520478e-05
pass,6.149305128520478e-05
bush,6.149305128520478e-05
silent,6.149305128520478e-05
left,6.149305128520478e-05
untreated,6.149305128520478e-05
interpretation,6.149305128520478e-05
potential,6.149305128520478e-05
bias,6.149305128520478e-05
reluctance,6.149305128520478e-05
author,6.149305128520478e-05
warn,6.149305128520478e-05
controversy,6.149305128520478e-05
meta,6.149305128520478e-05
subject,6.149305128520478e-05
cvd,6.149305128520478e-05
threaten,6.149305128520478e-05
chowdhury,6.149305128520478e-05
cause-specific,6.149305128520478e-05
non-vascular,6.149305128520478e-05
vertigo,6.149305128520478e-05
concentration,6.149305128520478e-05
phosphate,6.149305128520478e-05
beneficial,6.149305128520478e-05
tablet,6.149305128520478e-05
sclerosis,6.149305128520478e-05
importance,6.149305128520478e-05
osteoporosis,6.149305128520478e-05
predictor,6.149305128520478e-05
swell,6.149305128520478e-05
obstruction,6.149305128520478e-05
relatively,6.149305128520478e-05
rare,6.149305128520478e-05
wales,6.149305128520478e-05
nodule,6.149305128520478e-05
goitre,6.149305128520478e-05
neck,6.149305128520478e-05
irradiation,6.149305128520478e-05
rapid,6.149305128520478e-05
thyroid,6.149305128520478e-05
promptly,6.149305128520478e-05
diet,6.149305128520478e-05
overweight,6.149305128520478e-05
caloric,6.149305128520478e-05
ribbon,6.149305128520478e-05
successfully,6.149305128520478e-05
quarter,6.149305128520478e-05
briton,6.149305128520478e-05
servant,6.149305128520478e-05
digital,6.149305128520478e-05
launching,6.149305128520478e-05
intranet,6.149305128520478e-05
headline,6.149305128520478e-05
channel,6.149305128520478e-05
musculoskeletal,6.149305128520478e-05
broadcast,6.149305128520478e-05
diversity,6.149305128520478e-05
equality,6.149305128520478e-05
consultant,6.149305128520478e-05
initiative,6.149305128520478e-05
publishing,6.149305128520478e-05
positively,6.149305128520478e-05
royal,6.149305128520478e-05
mail,6.149305128520478e-05
ministry,6.149305128520478e-05
defence,6.149305128520478e-05
rbs,6.149305128520478e-05
lewis,6.149305128520478e-05
hm,6.149305128520478e-05
revenue,6.149305128520478e-05
custom,6.149305128520478e-05
rewarding,6.149305128520478e-05
champion,6.149305128520478e-05
reward,6.149305128520478e-05
recognition,6.149305128520478e-05
award,6.149305128520478e-05
lunchtime,6.149305128520478e-05
referral,6.149305128520478e-05
quick,6.149305128520478e-05
guide,6.149305128520478e-05
posture,6.149305128520478e-05
upper,6.149305128520478e-05
thromboembolism,6.149305128520478e-05
congestive,6.149305128520478e-05
nonsteroidal,6.149305128520478e-05
anti-inflammatory,6.149305128520478e-05
intracranial,6.149305128520478e-05
acalculous,6.149305128520478e-05
cholecystitis,6.149305128520478e-05
bile,6.149305128520478e-05
stone,6.149305128520478e-05
cholangitis,6.149305128520478e-05
peritonitis,6.149305128520478e-05
pancreatitis,6.149305128520478e-05
cirrhosis,6.149305128520478e-05
allergy,6.149305128520478e-05
continuation,6.149305128520478e-05
amoxicillin,6.149305128520478e-05
clavulanic,6.149305128520478e-05
acid,6.149305128520478e-05
postoperative,6.149305128520478e-05
antibiotic,6.149305128520478e-05
antiemetics,6.149305128520478e-05
selected,6.149305128520478e-05
grab-bag,6.149305128520478e-05
keyword,6.149305128520478e-05
neoplasm,6.149305128520478e-05
acp,6.149305128520478e-05
club,6.149305128520478e-05
randomize,6.149305128520478e-05
rct,6.149305128520478e-05
all-cause,6.149305128520478e-05
norwegian,6.149305128520478e-05
regional,6.149305128520478e-05
authority,6.149305128520478e-05
fulbright,6.149305128520478e-05
kristiansand,6.149305128520478e-05
fobt,6.149305128520478e-05
adenoma,6.149305128520478e-05
addition,6.149305128520478e-05
proximal,6.149305128520478e-05
entire,6.149305128520478e-05
multicenter,6.149305128520478e-05
inst,6.149305128520478e-05
re,6.149305128520478e-05
pf,6.149305128520478e-05
jl,6.149305128520478e-05
mmwr,6.149305128520478e-05
joy,6.149305128520478e-05
maggies,6.149305128520478e-05
assist,6.149305128520478e-05
advantage,6.149305128520478e-05
so,6.149305128520478e-05
utmost,6.149305128520478e-05
necessary,6.149305128520478e-05
encouragement,6.149305128520478e-05
open,6.149305128520478e-05
never,6.149305128520478e-05
essential,6.149305128520478e-05
dispel,6.149305128520478e-05
stigma,6.149305128520478e-05
clue,6.149305128520478e-05
wish,6.149305128520478e-05
basic,6.149305128520478e-05
visible,6.149305128520478e-05
tangible,6.149305128520478e-05
sufferer,6.149305128520478e-05
anticipate,6.149305128520478e-05
stamina,6.149305128520478e-05
phase,6.149305128520478e-05
gradually,6.149305128520478e-05
specific,6.149305128520478e-05
flexibility,6.149305128520478e-05
prior,6.149305128520478e-05
skill,6.149305128520478e-05
initiate,6.149305128520478e-05
helpful,6.149305128520478e-05
advice,6.149305128520478e-05
incredibly,6.149305128520478e-05
regain,6.149305128520478e-05
normality,6.149305128520478e-05
purpose,6.149305128520478e-05
self-esteem,6.149305128520478e-05
reality,6.149305128520478e-05
space,6.149305128520478e-05
light,6.149305128520478e-05
announce,6.149305128520478e-05
face-to-face,6.149305128520478e-05
consultancy,6.149305128520478e-05
egan,6.149305128520478e-05
capable,6.149305128520478e-05
peak,6.149305128520478e-05
ltd,6.149305128520478e-05
right,6.149305128520478e-05
cut,6.149305128520478e-05
back,6.149305128520478e-05
collaboration,6.149305128520478e-05
creation,6.149305128520478e-05
technology,6.149305128520478e-05
apprentice,6.149305128520478e-05
fume,6.149305128520478e-05
dust,6.149305128520478e-05
fibre,6.149305128520478e-05
pledge,6.149305128520478e-05
demonstrate,6.149305128520478e-05
commitment,6.149305128520478e-05
richard,6.149305128520478e-05
concerted,6.149305128520478e-05
joint,6.149305128520478e-05
protect,6.149305128520478e-05
generation,6.149305128520478e-05
lesley,6.149305128520478e-05
rushton,6.149305128520478e-05
epidemiologist,6.149305128520478e-05
imperial,6.149305128520478e-05
london,6.149305128520478e-05
excuse,6.149305128520478e-05
enter,6.149305128520478e-05
far,6.149305128520478e-05
eliminate,6.149305128520478e-05
remind,6.149305128520478e-05
practitioner,6.149305128520478e-05
psoriasis,6.149305128520478e-05
regular,6.149305128520478e-05
parliamentary,6.149305128520478e-05
science,6.149305128520478e-05
downside,6.149305128520478e-05
inaccurate,6.149305128520478e-05
unnecessary,6.149305128520478e-05
armitage,6.149305128520478e-05
oxford,6.149305128520478e-05
analogue,6.149305128520478e-05
cv,6.149305128520478e-05
pancreatic,6.149305128520478e-05
durability,6.149305128520478e-05
explore,6.149305128520478e-05
immune,6.149305128520478e-05
hiv,6.149305128520478e-05
